交易所,品种,名称,交易时段1,交易时段2,交易时段3,交易时段4,总时长(h)
SHFE,au,黄金,09:00-10:15,10:30-11:30,13:30-15:00,21:00-02:30,9.25
SHFE,ag,白银,09:00-10:15,10:30-11:30,13:30-15:00,21:00-02:30,9.25
SHFE,cu,铜,09:00-10:15,10:30-11:30,13:30-15:00,21:00-01:00,7.75
SHFE,al,铝,09:00-10:15,10:30-11:30,13:30-15:00,21:00-01:00,7.75
SHFE,zn,锌,09:00-10:15,10:30-11:30,13:30-15:00,21:00-01:00,7.75
SHFE,pb,铅,09:00-10:15,10:30-11:30,13:30-15:00,21:00-01:00,7.75
SHFE,ni,镍,09:00-10:15,10:30-11:30,13:30-15:00,21:00-01:00,7.75
SHFE,sn,锡,09:00-10:15,10:30-11:30,13:30-15:00,21:00-01:00,7.75
SHFE,ao,氧化铝,09:00-10:15,10:30-11:30,13:30-15:00,21:00-01:00,7.75
SHFE,rb,螺纹钢,09:00-10:15,10:30-11:30,13:30-15:00,21:00-23:00,5.75
SHFE,hc,热轧卷板,09:00-10:15,10:30-11:30,13:30-15:00,21:00-23:00,5.75
SHFE,ss,不锈钢,09:00-10:15,10:30-11:30,13:30-15:00,21:00-23:00,5.75
SHFE,fu,燃料油,09:00-10:15,10:30-11:30,13:30-15:00,21:00-23:00,5.75
SHFE,bu,石油沥青,09:00-10:15,10:30-11:30,13:30-15:00,21:00-23:00,5.75
SHFE,ru,天然橡胶,09:00-10:15,10:30-11:30,13:30-15:00,21:00-23:00,5.75
SHFE,sp,纸浆,09:00-10:15,10:30-11:30,13:30-15:00,21:00-23:00,5.75
SHFE,br,丁二烯橡胶,09:00-10:15,10:30-11:30,13:30-15:00,21:00-23:00,5.75
SHFE,wr,线材,09:00-10:15,10:30-11:30,13:30-15:00,,3.75
INE,sc,原油,09:00-10:15,10:30-11:30,13:30-15:00,21:00-02:30,9.25
INE,bc,国际铜,09:00-10:15,10:30-11:30,13:30-15:00,21:00-01:00,7.75
INE,lu,低硫燃料油,09:00-10:15,10:30-11:30,13:30-15:00,21:00-23:00,5.75
INE,nr,20号胶,09:00-10:15,10:30-11:30,13:30-15:00,21:00-23:00,5.75
INE,ec,集运指数(欧线),09:00-10:15,10:30-11:30,13:30-15:00,,3.75
DCE,a,豆一,09:00-10:15,10:30-11:30,13:30-15:00,21:00-23:00,5.75
DCE,b,豆二,09:00-10:15,10:30-11:30,13:30-15:00,21:00-23:00,5.75
DCE,m,豆粕,09:00-10:15,10:30-11:30,13:30-15:00,21:00-23:00,5.75
DCE,y,豆油,09:00-10:15,10:30-11:30,13:30-15:00,21:00-23:00,5.75
DCE,p,棕榈油,09:00-10:15,10:30-11:30,13:30-15:00,21:00-23:00,5.75
DCE,c,玉米,09:00-10:15,10:30-11:30,13:30-15:00,21:00-23:00,5.75
DCE,cs,玉米淀粉,09:00-10:15,10:30-11:30,13:30-15:00,21:00-23:00,5.75
DCE,j,焦炭,09:00-10:15,10:30-11:30,13:30-15:00,21:00-23:00,5.75
DCE,jm,焦煤,09:00-10:15,10:30-11:30,13:30-15:00,21:00-23:00,5.75
DCE,i,铁矿石,09:00-10:15,10:30-11:30,13:30-15:00,21:00-23:00,5.75
DCE,l,聚乙烯,09:00-10:15,10:30-11:30,13:30-15:00,21:00-23:00,5.75
DCE,v,聚氯乙烯,09:00-10:15,10:30-11:30,13:30-15:00,21:00-23:00,5.75
DCE,pp,聚丙烯,09:00-10:15,10:30-11:30,13:30-15:00,21:00-23:00,5.75
DCE,eg,乙二醇,09:00-10:15,10:30-11:30,13:30-15:00,21:00-23:00,5.75
DCE,eb,苯乙烯,09:00-10:15,10:30-11:30,13:30-15:00,21:00-23:00,5.75
DCE,pg,液化石油气,09:00-10:15,10:30-11:30,13:30-15:00,21:00-23:00,5.75
DCE,jd,鸡蛋,09:00-10:15,10:30-11:30,13:30-15:00,,3.75
DCE,lh,生猪,09:00-10:15,10:30-11:30,13:30-15:00,,3.75
DCE,fb,纤维板,09:00-10:15,10:30-11:30,13:30-15:00,,3.75
DCE,bb,胶合板,09:00-10:15,10:30-11:30,13:30-15:00,,3.75
ZCE,SR,白糖,09:00-10:15,10:30-11:30,13:30-15:00,21:00-23:00,5.75
ZCE,CF,棉花,09:00-10:15,10:30-11:30,13:30-15:00,21:00-23:00,5.75
ZCE,CY,棉纱,09:00-10:15,10:30-11:30,13:30-15:00,21:00-23:00,5.75
ZCE,OI,菜籽油,09:00-10:15,10:30-11:30,13:30-15:00,21:00-23:00,5.75
ZCE,RM,菜籽粕,09:00-10:15,10:30-11:30,13:30-15:00,21:00-23:00,5.75
ZCE,MA,甲醇,09:00-10:15,10:30-11:30,13:30-15:00,21:00-23:00,5.75
ZCE,SA,纯碱,09:00-10:15,10:30-11:30,13:30-15:00,21:00-23:00,5.75
ZCE,FG,玻璃,09:00-10:15,10:30-11:30,13:30-15:00,21:00-23:00,5.75
ZCE,TA,PTA,09:00-10:15,10:30-11:30,13:30-15:00,21:00-23:00,5.75
ZCE,PF,短纤,09:00-10:15,10:30-11:30,13:30-15:00,21:00-23:00,5.75
ZCE,SH,烧碱,09:00-10:15,10:30-11:30,13:30-15:00,21:00-23:00,5.75
ZCE,PX,对二甲苯,09:00-10:15,10:30-11:30,13:30-15:00,21:00-23:00,5.75
ZCE,PR,瓶片,09:00-10:15,10:30-11:30,13:30-15:00,21:00-23:00,5.75
ZCE,ZC,动力煤(夜盘暂停),09:00-10:15,10:30-11:30,13:30-15:00,,3.75
ZCE,UR,尿素,09:00-10:15,10:30-11:30,13:30-15:00,,3.75
ZCE,SF,硅铁,09:00-10:15,10:30-11:30,13:30-15:00,,3.75
ZCE,SM,锰硅,09:00-10:15,10:30-11:30,13:30-15:00,,3.75
ZCE,AP,苹果,09:00-10:15,10:30-11:30,13:30-15:00,,3.75
ZCE,CJ,红枣,09:00-10:15,10:30-11:30,13:30-15:00,,3.75
ZCE,PK,花生,09:00-10:15,10:30-11:30,13:30-15:00,,3.75
ZCE,RS,油菜籽,09:00-10:15,10:30-11:30,13:30-15:00,,3.75
ZCE,WH,强麦,09:00-10:15,10:30-11:30,13:30-15:00,,3.75
ZCE,PM,普麦,09:00-10:15,10:30-11:30,13:30-15:00,,3.75
ZCE,RI,早籼稻,09:00-10:15,10:30-11:30,13:30-15:00,,3.75
ZCE,LR,晚籼稻,09:00-10:15,10:30-11:30,13:30-15:00,,3.75
ZCE,JR,粳稻,09:00-10:15,10:30-11:30,13:30-15:00,,3.75
GFEX,si,工业硅,09:00-10:15,10:30-11:30,13:30-15:00,21:00-23:00,5.75
GFEX,lc,碳酸锂,09:00-10:15,10:30-11:30,13:30-15:00,,3.75
CFFEX,IF,沪深300,09:30-11:30,13:00-15:00,,,4
CFFEX,IH,上证50,09:30-11:30,13:00-15:00,,,4
CFFEX,IC,中证500,09:30-11:30,13:00-15:00,,,4
CFFEX,IM,中证1000,09:30-11:30,13:00-15:00,,,4
CFFEX,IO,沪深300期权,09:30-11:30,13:00-15:00,,,4
CFFEX,HO,上证50期权,09:30-11:30,13:00-15:00,,,4
CFFEX,MO,中证1000期权,09:30-11:30,13:00-15:00,,,4
CFFEX,T,10年期国债,09:30-11:30,13:00-15:15,,,4.25
CFFEX,TF,5年期国债,09:30-11:30,13:00-15:15,,,4.25
CFFEX,TS,2年期国债,09:30-11:30,13:00-15:15,,,4.25
CFFEX,TL,30年期国债,09:30-11:30,13:00-15:15,,,4.25
SHFE,ad,铸造铝合金,09:00-10:15,10:30-11:30,13:30-15:00,21:00-01:00,7.75
DCE,lg,原木,09:00-10:15,10:30-11:30,13:30-15:00,,3.75
DCE,rr,粳米,09:00-10:15,10:30-11:30,13:30-15:00,,3.75
GFEX,ps,多晶硅,09:00-10:15,10:30-11:30,13:30-15:00,,3.75
